{
	"name": "jquery-impromptu",
	"title": "jQuery-Impromptu",
	"description": "An extension to help provide a more pleasant way to spontaneously prompt a user for input.",
	"version": "6.2.2",
	"modified": "2015-11-14",
	"homepage": "http://trentrichardson.com/Impromptu",
	"author": {
		"name": "Trent Richardson",
		"email": "trentdrichardson@gmail.com",
		"url": "http://trentrichardson.com"
	},
	"repository": {
		"type": "git",
		"url": "git://github.com/trentrichardson/jQuery-Impromptu.git"
	},
	"bugs": "https://github.com/trentrichardson/jQuery-Impromptu/issues",
	"licenses": [
		{
			"type": "MIT",
			"url": "http://trentrichardson.com/examples/jQuery-Impromptu/blob/master/MIT-LICENSE.txt"
		}
	],
	"dependencies": {
		"jquery": "*"
	},
	"keywords": []
}